config_id,n_layers,layers_str,alpha,k_value,seed,prompt_id,domain,step,vanilla_top1,bridge_top1,top1_agree,top5_agree,kl,js,prob_gap,alpha0_max_abs_diff
C1,1,18,0.3,10,42,M75_HC,FACTUAL,1,14924,14924,1,1,2.9802322387695312e-08,0.0,0.1792333722114563,0.0
C1,1,18,0.3,10,42,M75_HC,FACTUAL,2,220,220,1,1,0.000285592395812273,7.142094545997679e-05,0.011585808359086514,0.0
C1,1,18,0.3,10,42,M75_HC,FACTUAL,3,315,315,1,1,0.001300254836678505,0.00032715965062379837,0.3707805275917053,0.0
C1,1,18,0.3,10,42,M75_HC,FACTUAL,4,279,279,1,1,0.0005041749682277441,0.00012576414155773818,0.15976330637931824,0.0
C1,1,18,0.3,10,42,M75_HC,FACTUAL,5,11,11,1,1,0.0003172825672663748,8.019756933208555e-05,0.3041308522224426,0.0
C1,1,18,0.3,10,42,M75_HC,FACTUAL,6,12366,12366,1,1,0.003937933593988419,0.0009751440957188606,0.2579026222229004,0.0
C1,1,18,0.3,10,42,M75_HC,FACTUAL,7,13,13,1,1,0.0021067922934889793,0.0005263527855277061,0.13736793398857117,0.0
C1,1,18,0.3,10,42,M75_HC,FACTUAL,8,1102,1102,1,1,0.002040540799498558,0.0005116930697113276,0.10075320303440094,0.0
C1,1,18,0.3,10,42,M75_HC,FACTUAL,9,3363,3363,1,1,0.0052343495190143585,0.0012861862778663635,0.030662231147289276,0.0
C1,1,18,0.3,10,42,M75_HC,FACTUAL,10,315,315,1,1,0.0004461946664378047,0.0001096709311241284,0.8133343458175659,0.0
C1,1,18,0.3,10,42,M75_HC,FACTUAL,11,9822,9822,1,1,0.001703210175037384,0.0004227005410939455,0.05841211974620819,0.0
C1,1,18,0.3,10,42,M75_HC,FACTUAL,12,374,374,1,1,1.1785792594309896e-05,2.9411748982965946e-06,0.9565091729164124,0.0
C1,1,18,0.3,10,42,M75_HC,FACTUAL,13,20437,20437,1,1,0.001061862800270319,0.0002559275599196553,0.9050605297088623,0.0
C1,1,18,0.3,10,42,M75_HC,FACTUAL,14,13,13,1,1,3.4447351936250925e-05,8.696893928572536e-06,0.7172704935073853,0.0
C1,1,18,0.3,10,42,M75_HC,FACTUAL,15,578,578,1,1,0.0002814632607623935,7.00769123795908e-05,0.7410066723823547,0.0
C1,1,18,0.3,10,42,M75_HC,FACTUAL,16,6864,6864,1,1,2.2556225303560495e-05,5.5463824537582695e-06,0.9809726476669312,0.0
C1,1,18,0.3,10,42,M75_HC,FACTUAL,17,315,315,1,1,5.515812517842278e-06,1.4021270544617437e-06,0.9888872504234314,0.0
C1,1,18,0.3,10,42,M75_HC,FACTUAL,18,15704,15704,1,1,0.0017941128462553024,0.00043935037683695555,0.07322332262992859,0.0
C1,1,18,0.3,10,42,M75_HC,FACTUAL,19,374,374,1,1,9.736948413774371e-06,2.4603577912785113e-06,0.9859684705734253,0.0
C1,1,18,0.3,10,42,M75_HC,FACTUAL,20,27286,27286,1,1,5.7160985306836665e-05,1.4182285667629912e-05,0.9436232447624207,0.0
C1,1,18,0.3,10,42,M75_HC,FACTUAL,21,13,13,1,1,1.5872610674705356e-05,3.936834218620788e-06,0.7475361227989197,0.0
C1,1,18,0.3,10,42,M75_HC,FACTUAL,22,578,578,1,1,0.0003658605273813009,9.350715845357627e-05,0.6224920749664307,0.0
C1,1,18,0.3,10,42,M75_HC,FACTUAL,23,6864,6864,1,1,0.00010254443623125553,2.503093855921179e-05,0.9832731485366821,0.0
C1,1,18,0.3,10,42,M75_HC,FACTUAL,24,315,315,1,1,4.109399014851078e-06,1.0655703590600751e-06,0.9893071055412292,0.0
C1,1,18,0.3,10,42,M75_HC,FACTUAL,25,279,279,1,1,0.0013004625216126442,0.00032193143852055073,0.01828831434249878,0.0
C1,1,18,0.3,10,42,M75_HC,FACTUAL,26,374,374,1,1,4.3040141463279724e-05,1.0677060345187783e-05,0.9794945120811462,0.0
C1,1,18,0.3,10,42,M75_TC,CODE,1,14924,14924,1,1,2.9802322387695312e-08,0.0,0.1792333722114563,0.0
C1,1,18,0.3,10,42,M75_TC,CODE,2,1893,1893,1,1,0.0004081232182215899,0.00010214466601610184,0.01661641150712967,0.0
C1,1,18,0.3,10,42,M75_TC,CODE,3,1471,1471,1,1,0.0004307110793888569,0.00010805620695464313,0.21676066517829895,0.0
C1,1,18,0.3,10,42,M75_TC,CODE,4,997,997,1,1,0.0002407460706308484,5.828693974763155e-05,0.8152482509613037,0.0
C1,1,18,0.3,10,42,M75_TC,CODE,5,262,262,1,1,0.00010320346336811781,2.559646964073181e-05,0.8863227367401123,0.0
C1,1,18,0.3,10,42,M75_TC,CODE,6,4304,4304,1,1,0.0018401711713522673,0.00045737100299447775,0.22200745344161987,0.0
C1,1,18,0.3,10,42,M75_TC,CODE,7,308,308,1,1,0.00034624477848410606,8.470553439110518e-05,0.9106017351150513,0.0
C1,1,18,0.3,10,42,M75_TC,CODE,8,624,624,1,1,0.0003555077128112316,9.04946937225759e-05,0.1325172781944275,0.0
C1,1,18,0.3,10,42,M75_TC,CODE,9,220,220,1,1,1.1707593330356758e-06,3.579706913114933e-07,0.9676671028137207,0.0
C1,1,18,0.3,10,42,M75_TC,CODE,10,16,16,1,1,0.001864513847976923,0.0004639251419575885,0.31437069177627563,0.0
C1,1,18,0.3,10,42,M75_TC,CODE,11,512,512,1,1,0.00011376843031030148,2.787564881145954e-05,0.9720737338066101,0.0
C1,1,18,0.3,10,42,M75_TC,CODE,12,286,286,1,1,1.0059229680337012e-05,2.553273589001037e-06,0.9952748417854309,0.0
C1,1,18,0.3,10,42,M75_TC,CODE,13,471,471,1,1,3.138979081995785e-05,7.801083484082483e-06,0.9825902581214905,0.0
C1,1,18,0.3,10,42,M75_TC,CODE,14,308,308,1,1,3.746952279470861e-05,9.526542271487415e-06,0.6942195296287537,0.0
C1,1,18,0.3,10,42,M75_TC,CODE,15,198,198,1,1,0.00022634370543528348,5.562958904192783e-05,0.8216173052787781,0.0
C1,1,18,0.3,10,42,M75_TC,CODE,16,262,262,1,1,1.6110252545331605e-06,3.7864060686843004e-07,0.9984374046325684,0.0
C1,1,18,0.3,10,42,M75_TC,CODE,17,775,775,1,1,0.0010277247056365013,0.0002540054265409708,0.6625936627388,0.0
C1,1,18,0.3,10,42,M75_TC,CODE,18,76798,76798,1,1,0.0001999902306124568,5.0975155318155885e-05,0.9622496962547302,0.0
C1,1,18,0.3,10,42,M75_TC,CODE,19,1471,1471,1,1,3.468258000793867e-06,8.659197874294478e-07,0.9981498718261719,0.0
C1,1,18,0.3,10,42,M75_TC,CODE,20,12,12,1,1,0.0018007401376962662,0.0004526134580373764,0.30224868655204773,0.0
C1,1,18,0.3,10,42,M75_TC,CODE,21,16,16,1,1,0.00032997236121445894,8.401873492402956e-05,0.915694534778595,0.0
C1,1,18,0.3,10,42,M75_TC,CODE,22,8,8,1,1,2.0591637621691916e-06,5.377142997531337e-07,0.9411354660987854,0.0
C1,1,18,0.3,10,42,M75_TC,CODE,23,489,489,1,1,1.3679806443178677e-07,4.14277820937059e-08,0.9993842840194702,0.0
C1,1,18,0.3,10,42,M75_TC,CODE,24,76798,76798,1,1,1.3805169146507978e-05,3.51547532773111e-06,0.9967767000198364,0.0
C1,1,18,0.3,10,42,M75_TC,CODE,25,1471,1471,1,1,3.957150511268992e-06,1.0232834597445617e-06,0.9976769089698792,0.0
C1,1,18,0.3,10,42,M75_TC,CODE,26,12,12,1,1,7.023080252110958e-05,1.788084045983851e-05,0.982437789440155,0.0
C1,1,18,0.3,10,42,M75_RS,REASONING,1,14924,14924,1,1,2.9802322387695312e-08,0.0,0.1792333722114563,0.0
C1,1,18,0.3,10,42,M75_RS,REASONING,2,315,315,1,1,0.0004989924491383135,0.00012466443877201527,0.019612189382314682,0.0
C1,1,18,0.3,10,42,M75_RS,REASONING,3,617,617,1,1,0.0013397075235843658,0.0003369527403265238,0.052788540720939636,0.0
C1,1,18,0.3,10,42,M75_RS,REASONING,4,8369,8369,1,1,0.001101508503779769,0.00027589380624704063,0.055122680962085724,0.0
C1,1,18,0.3,10,42,M75_RS,REASONING,5,94003,94003,1,1,9.246353874914348e-05,2.3440072254743427e-05,0.6794039607048035,0.0
C1,1,18,0.3,10,42,M75_RS,REASONING,6,291,291,1,1,2.3327993403654546e-06,5.583178790402599e-07,0.9983245134353638,0.0
C1,1,18,0.3,10,42,M75_RS,REASONING,7,11,11,1,1,0.00012596911983564496,3.1736839446239173e-05,0.16342304646968842,0.0
C1,1,18,0.3,10,42,M75_RS,REASONING,8,1115,1115,1,1,0.0026564905419945717,0.0006590490229427814,0.02912161499261856,0.0
C1,1,18,0.3,10,42,M75_RS,REASONING,9,56669,56669,1,1,0.003261301200836897,0.0008128833724185824,0.12318111956119537,0.0
C1,1,18,0.3,10,42,M75_RS,REASONING,10,527,527,1,1,0.0012145200744271278,0.00030715460889041424,0.6394582986831665,0.0
C1,1,18,0.3,10,42,M75_RS,REASONING,11,56669,56669,1,1,0.002201811410486698,0.0005351146683096886,0.672369122505188,0.0
C1,1,18,0.3,10,42,M75_RS,REASONING,12,13,13,1,1,3.973793354816735e-05,1.0063675290439278e-05,0.7481845617294312,0.0
C1,1,18,0.3,10,42,M75_RS,REASONING,13,2052,2052,1,1,0.001051001250743866,0.0002612208481878042,0.16030798852443695,0.0
C1,1,18,0.3,10,42,M75_RS,REASONING,14,11,11,1,1,0.002136074472218752,0.0005172742530703545,0.7562078833580017,0.0
C1,1,18,0.3,10,42,M75_RS,REASONING,15,682,682,1,1,0.0013897691387683153,0.00034467318619135767,0.4559172987937927,0.0
C1,1,18,0.3,10,42,M75_RS,REASONING,16,57874,57874,1,1,0.0026845047250390053,0.0006514800479635596,0.7255666851997375,0.0
C1,1,18,0.3,10,42,M75_RS,REASONING,17,527,527,1,1,0.0001771966926753521,4.5135413529351354e-05,0.95262610912323,0.0
C1,1,18,0.3,10,42,M75_CR,CREATIVE,1,14924,14924,1,1,2.9802322387695312e-08,0.0,0.1792333722114563,0.0
C1,1,18,0.3,10,42,M75_CR,CREATIVE,2,279,279,1,1,0.00016356701962649822,4.073062154930085e-05,0.0600166991353035,0.0
C1,1,18,0.3,10,42,M75_CR,CREATIVE,3,3293,3293,1,1,0.0008644736371934414,0.00021576532162725925,0.004808641970157623,0.0
C1,1,18,0.3,10,42,M75_CR,CREATIVE,4,1405,1405,1,1,0.0006476789712905884,0.00016102433437481523,0.30079007148742676,0.0
C1,1,18,0.3,10,42,M75_CR,CREATIVE,5,279,279,1,1,0.0009856170509010553,0.00024671191931702197,0.04399310424923897,0.0
C1,1,18,0.3,10,42,M75_CR,CREATIVE,6,374,374,1,1,0.0005258480086922646,0.0001311984087806195,0.23666971921920776,0.0
C1,1,18,0.3,10,42,M75_CR,CREATIVE,7,22009,22009,1,1,0.0003803903819061816,9.521245374344289e-05,0.04640958458185196,0.0
C1,1,18,0.3,10,42,M75_CR,CREATIVE,8,10134,10134,1,1,0.001038910006172955,0.00026121342671103776,0.07377088069915771,0.0
C1,1,18,0.3,10,42,M75_CR,CREATIVE,9,11,11,1,1,0.00020764314103871584,5.2469957154244184e-05,0.946262538433075,0.0
C1,1,18,0.3,10,42,M75_CR,CREATIVE,10,279,279,1,1,0.017461556941270828,0.004275807179510593,0.07418242841959,0.0
C1,1,18,0.3,10,42,M75_CR,CREATIVE,11,15861,15861,1,1,0.006082814186811447,0.0015257030026987195,0.002212394028902054,0.0
C1,1,18,0.3,10,42,M75_CR,CREATIVE,12,2383,2383,1,1,0.006669033318758011,0.0016553476452827454,0.08407969772815704,0.0
C1,1,18,0.3,10,42,M75_CR,CREATIVE,13,499,499,1,1,0.0012057940475642681,0.00030234578298404813,0.5125703811645508,0.0
C1,1,18,0.3,10,42,M75_CR,CREATIVE,14,1053,1053,1,1,0.0014644023030996323,0.00037143105873838067,0.8260341882705688,0.0
C1,1,18,0.3,10,42,M75_CR,CREATIVE,15,574,574,1,1,0.009091384708881378,0.0022785780020058155,0.0,0.0
C1,1,18,0.3,10,42,M75_CR,CREATIVE,16,430,430,1,1,0.017788220196962357,0.004303659312427044,0.417331337928772,0.0
C2,2,"18,24",0.3,10,42,M75_HC,FACTUAL,1,14924,14924,1,1,2.9802322387695312e-08,0.0,0.1792333722114563,0.0
C2,2,"18,24",0.3,10,42,M75_HC,FACTUAL,2,220,220,1,1,0.0004551773890852928,0.0001135003985837102,0.011585808359086514,0.0
C2,2,"18,24",0.3,10,42,M75_HC,FACTUAL,3,315,315,1,1,0.001349596306681633,0.00034117756877094507,0.3707805275917053,0.0
C2,2,"18,24",0.3,10,42,M75_HC,FACTUAL,4,279,279,1,1,0.0005167970666661859,0.0001287490304093808,0.15976330637931824,0.0
C2,2,"18,24",0.3,10,42,M75_HC,FACTUAL,5,11,11,1,1,0.0022792164236307144,0.0005711927078664303,0.3041308522224426,0.0
C2,2,"18,24",0.3,10,42,M75_HC,FACTUAL,6,12366,12366,1,1,0.0036095846444368362,0.0008895816281437874,0.2579026222229004,0.0
C2,2,"18,24",0.3,10,42,M75_HC,FACTUAL,7,13,13,1,1,0.0021432070061564445,0.0005358855705708265,0.13736793398857117,0.0
C2,2,"18,24",0.3,10,42,M75_HC,FACTUAL,8,1102,1102,1,1,0.0007104091346263885,0.00017581519205123186,0.10075320303440094,0.0
C2,2,"18,24",0.3,10,42,M75_HC,FACTUAL,9,3363,3363,1,1,0.0056981369853019714,0.0014008642174303532,0.030662231147289276,0.0
C2,2,"18,24",0.3,10,42,M75_HC,FACTUAL,10,315,315,1,1,0.00045545538887381554,0.000115999486297369,0.8133343458175659,0.0
C2,2,"18,24",0.3,10,42,M75_HC,FACTUAL,11,9822,9822,1,1,0.002043456770479679,0.0005093307700008154,0.05841211974620819,0.0
C2,2,"18,24",0.3,10,42,M75_HC,FACTUAL,12,374,374,1,1,4.0234357584267855e-05,9.863357263384387e-06,0.9565091729164124,0.0
C2,2,"18,24",0.3,10,42,M75_HC,FACTUAL,13,20437,20437,1,1,0.0008437763899564743,0.0002035598154179752,0.9050605297088623,0.0
C2,2,"18,24",0.3,10,42,M75_HC,FACTUAL,14,13,13,1,1,0.0001227203756570816,3.022013697773218e-05,0.7172704935073853,0.0
C2,2,"18,24",0.3,10,42,M75_HC,FACTUAL,15,578,578,1,1,0.0012843664735555649,0.00032514752820134163,0.7410066723823547,0.0
C2,2,"18,24",0.3,10,42,M75_HC,FACTUAL,16,6864,6864,1,1,4.9506634240970016e-05,1.2165233783889562e-05,0.9809726476669312,0.0
C2,2,"18,24",0.3,10,42,M75_HC,FACTUAL,17,315,315,1,1,8.007627911865711e-06,1.970563971553929e-06,0.9888872504234314,0.0
C2,2,"18,24",0.3,10,42,M75_HC,FACTUAL,18,15704,15704,1,1,0.0014889310114085674,0.00036869023460894823,0.07322332262992859,0.0
C2,2,"18,24",0.3,10,42,M75_HC,FACTUAL,19,374,374,1,1,2.325449895579368e-05,5.7993383961729705e-06,0.9859684705734253,0.0
C2,2,"18,24",0.3,10,42,M75_HC,FACTUAL,20,27286,27286,1,1,8.978508412837982e-05,2.2119464119896293e-05,0.9436232447624207,0.0
C2,2,"18,24",0.3,10,42,M75_HC,FACTUAL,21,13,13,1,1,0.00024337967624887824,5.948580655967817e-05,0.7475361227989197,0.0
C2,2,"18,24",0.3,10,42,M75_HC,FACTUAL,22,578,578,1,1,0.0012324899435043335,0.00031415559351444244,0.6224920749664307,0.0
C2,2,"18,24",0.3,10,42,M75_HC,FACTUAL,23,6864,6864,1,1,0.0003834094386547804,9.162336937151849e-05,0.9832731485366821,0.0
C2,2,"18,24",0.3,10,42,M75_HC,FACTUAL,24,315,315,1,1,1.3922486687079072e-05,3.5767989174928516e-06,0.9893071055412292,0.0
C2,2,"18,24",0.3,10,42,M75_HC,FACTUAL,25,279,279,1,1,0.0025070165283977985,0.0006257352652028203,0.01828831434249878,0.0
C2,2,"18,24",0.3,10,42,M75_HC,FACTUAL,26,374,374,1,1,7.569469744339585e-05,1.9489627447910607e-05,0.9794945120811462,0.0
C2,2,"18,24",0.3,10,42,M75_TC,CODE,1,14924,14924,1,1,2.9802322387695312e-08,0.0,0.1792333722114563,0.0
C2,2,"18,24",0.3,10,42,M75_TC,CODE,2,1893,1893,1,1,0.0007202475098893046,0.00017988015315495431,0.01661641150712967,0.0
C2,2,"18,24",0.3,10,42,M75_TC,CODE,3,1471,1471,1,1,0.001179044134914875,0.00029237614944577217,0.21676066517829895,0.0
C2,2,"18,24",0.3,10,42,M75_TC,CODE,4,997,997,1,1,0.00013594998745247722,3.369749174453318e-05,0.8152482509613037,0.0
C2,2,"18,24",0.3,10,42,M75_TC,CODE,5,262,262,1,1,8.944817818701267e-05,2.26746778935194e-05,0.8863227367401123,0.0
C2,2,"18,24",0.3,10,42,M75_TC,CODE,6,4304,4304,1,1,0.0005647456273436546,0.0001435619778931141,0.22200745344161987,0.0
C2,2,"18,24",0.3,10,42,M75_TC,CODE,7,308,308,1,1,0.0007534769829362631,0.00018185348017141223,0.9106017351150513,0.0
C2,2,"18,24",0.3,10,42,M75_TC,CODE,8,624,624,1,1,0.0016643269918859005,0.00041824718937277794,0.1325172781944275,0.0
C2,2,"18,24",0.3,10,42,M75_TC,CODE,9,220,220,1,1,1.8553808331489563e-05,4.614805220626295e-06,0.9676671028137207,0.0
C2,2,"18,24",0.3,10,42,M75_TC,CODE,10,16,16,1,1,4.267218173481524e-06,1.1093225111835636e-06,0.31437069177627563,0.0
C2,2,"18,24",0.3,10,42,M75_TC,CODE,11,512,512,1,1,2.66296265181154e-05,6.431051588151604e-06,0.9720737338066101,0.0
C2,2,"18,24",0.3,10,42,M75_TC,CODE,12,286,286,1,1,1.5118072042241693e-05,3.834071321762167e-06,0.9952748417854309,0.0
C2,2,"18,24",0.3,10,42,M75_TC,CODE,13,471,471,1,1,8.010608144104481e-05,1.96364417206496e-05,0.9825902581214905,0.0
C2,2,"18,24",0.3,10,42,M75_TC,CODE,14,308,308,1,1,0.00017067573207896203,3.904914410668425e-05,0.6942195296287537,0.0
C2,2,"18,24",0.3,10,42,M75_TC,CODE,15,198,198,1,1,0.000212499697227031,5.216724093770608e-05,0.8216173052787781,0.0
C2,2,"18,24",0.3,10,42,M75_TC,CODE,16,262,262,1,1,6.5136628109030426e-06,1.5087948668224271e-06,0.9984374046325684,0.0
C2,2,"18,24",0.3,10,42,M75_TC,CODE,17,775,775,1,1,0.0011580025311559439,0.0003024325123988092,0.6625936627388,0.0
C2,2,"18,24",0.3,10,42,M75_TC,CODE,18,76798,76798,1,1,0.0011327185202389956,0.0002961255959235132,0.9622496962547302,0.0
C2,2,"18,24",0.3,10,42,M75_TC,CODE,19,1471,1471,1,1,2.482564923411701e-05,6.357756319630425e-06,0.9981498718261719,0.0
C2,2,"18,24",0.3,10,42,M75_TC,CODE,20,12,12,1,1,0.0018085502088069916,0.00045449985191226006,0.30224868655204773,0.0
C2,2,"18,24",0.3,10,42,M75_TC,CODE,21,16,16,1,1,1.279126081499271e-06,2.9056400308036245e-07,0.915694534778595,0.0
C2,2,"18,24",0.3,10,42,M75_TC,CODE,22,8,8,1,1,0.00021644611842930317,5.300604971125722e-05,0.9411354660987854,0.0
C2,2,"18,24",0.3,10,42,M75_TC,CODE,23,489,489,1,1,6.365700301103061e-06,1.5410641935886815e-06,0.9993842840194702,0.0
C2,2,"18,24",0.3,10,42,M75_TC,CODE,24,76798,76798,1,1,3.932018444174901e-06,9.550112736178562e-07,0.9967767000198364,0.0
C2,2,"18,24",0.3,10,42,M75_TC,CODE,25,1471,1471,1,1,5.312248504196759e-06,1.3245580703369342e-06,0.9976769089698792,0.0
C2,2,"18,24",0.3,10,42,M75_TC,CODE,26,12,12,1,1,2.555564606154803e-06,5.157618261364405e-07,0.982437789440155,0.0
C2,2,"18,24",0.3,10,42,M75_RS,REASONING,1,14924,14924,1,1,2.9802322387695312e-08,0.0,0.1792333722114563,0.0
C2,2,"18,24",0.3,10,42,M75_RS,REASONING,2,315,315,1,1,0.0008171041263267398,0.00020401767687872052,0.019612189382314682,0.0
C2,2,"18,24",0.3,10,42,M75_RS,REASONING,3,617,617,1,1,0.0005848149303346872,0.00014711485709995031,0.052788540720939636,0.0
C2,2,"18,24",0.3,10,42,M75_RS,REASONING,4,8369,8369,1,1,0.002503038849681616,0.0006225949618965387,0.055122680962085724,0.0
C2,2,"18,24",0.3,10,42,M75_RS,REASONING,5,94003,94003,1,1,0.00023810265702195466,5.936055094935e-05,0.6794039607048035,0.0
C2,2,"18,24",0.3,10,42,M75_RS,REASONING,6,291,291,1,1,4.249890480423346e-06,1.0729991117841564e-06,0.9983245134353638,0.0
C2,2,"18,24",0.3,10,42,M75_RS,REASONING,7,11,11,1,1,0.00023070811585057527,5.779518323834054e-05,0.16342304646968842,0.0
C2,2,"18,24",0.3,10,42,M75_RS,REASONING,8,1115,1115,1,1,0.0020462004467844963,0.0005090583581477404,0.02912161499261856,0.0
C2,2,"18,24",0.3,10,42,M75_RS,REASONING,9,56669,56669,1,1,0.003674877807497978,0.000907719018869102,0.12318111956119537,0.0
C2,2,"18,24",0.3,10,42,M75_RS,REASONING,10,527,527,1,1,0.001304473727941513,0.00033016433008015156,0.6394582986831665,0.0
C2,2,"18,24",0.3,10,42,M75_RS,REASONING,11,56669,56669,1,1,0.0027059055864810944,0.0006601796485483646,0.672369122505188,0.0
C2,2,"18,24",0.3,10,42,M75_RS,REASONING,12,13,13,1,1,0.0007930807769298553,0.00019478145986795425,0.7481845617294312,0.0
C2,2,"18,24",0.3,10,42,M75_RS,REASONING,13,2052,2052,1,1,0.002379128709435463,0.0005945022567175329,0.16030798852443695,0.0
C2,2,"18,24",0.3,10,42,M75_RS,REASONING,14,11,11,1,1,0.0028080556076020002,0.0006789592443965375,0.7562078833580017,0.0
C2,2,"18,24",0.3,10,42,M75_RS,REASONING,15,682,682,1,1,0.004702814854681492,0.0011480152606964111,0.4559172987937927,0.0
C2,2,"18,24",0.3,10,42,M75_RS,REASONING,16,57874,57874,1,1,0.006219666451215744,0.0014862618409097195,0.7255666851997375,0.0
C2,2,"18,24",0.3,10,42,M75_RS,REASONING,17,527,527,1,1,0.00018486008048057556,4.705088213086128e-05,0.95262610912323,0.0
C2,2,"18,24",0.3,10,42,M75_CR,CREATIVE,1,14924,14924,1,1,2.9802322387695312e-08,0.0,0.1792333722114563,0.0
C2,2,"18,24",0.3,10,42,M75_CR,CREATIVE,2,279,279,1,1,0.0003056854475289583,7.628739695064723e-05,0.0600166991353035,0.0
C2,2,"18,24",0.3,10,42,M75_CR,CREATIVE,3,3293,3293,1,1,0.0020150705240666866,0.0004987113643437624,0.004808641970157623,0.0
C2,2,"18,24",0.3,10,42,M75_CR,CREATIVE,4,1405,1405,1,1,0.0010646013543009758,0.00026437826454639435,0.30079007148742676,0.0
C2,2,"18,24",0.3,10,42,M75_CR,CREATIVE,5,279,279,1,1,0.0012356871739029884,0.0003081179456785321,0.04399310424923897,0.0
C2,2,"18,24",0.3,10,42,M75_CR,CREATIVE,6,374,374,1,1,0.0013420195318758488,0.00033088354393839836,0.23666971921920776,0.0
C2,2,"18,24",0.3,10,42,M75_CR,CREATIVE,7,22009,22009,1,1,0.0016275066882371902,0.0004051337018609047,0.04640958458185196,0.0
C2,2,"18,24",0.3,10,42,M75_CR,CREATIVE,8,10134,10134,1,1,0.0014200659934431314,0.0003557809832273051,0.07377088069915771,0.0
C2,2,"18,24",0.3,10,42,M75_CR,CREATIVE,9,11,11,1,1,0.0003485394408926368,8.557880209991708e-05,0.946262538433075,0.0
C2,2,"18,24",0.3,10,42,M75_CR,CREATIVE,10,279,279,1,1,0.023363247513771057,0.005716763203963637,0.07418242841959,0.0
C2,2,"18,24",0.3,10,42,M75_CR,CREATIVE,11,15861,15861,1,1,0.007092575542628765,0.001773361349478364,0.002212394028902054,0.0
C2,2,"18,24",0.3,10,42,M75_CR,CREATIVE,12,2383,2383,1,1,0.0037374356761574745,0.0009356741793453693,0.08407969772815704,0.0
C2,2,"18,24",0.3,10,42,M75_CR,CREATIVE,13,499,499,1,1,0.0011390936560928822,0.0002774852328002453,0.5125703811645508,0.0
C2,2,"18,24",0.3,10,42,M75_CR,CREATIVE,14,1053,1053,1,1,0.0033775661140680313,0.0008716066367924213,0.8260341882705688,0.0
C2,2,"18,24",0.3,10,42,M75_CR,CREATIVE,15,574,574,1,1,0.0101007129997015,0.0025635717902332544,0.0,0.0
C2,2,"18,24",0.3,10,42,M75_CR,CREATIVE,16,430,430,1,1,0.04925065487623215,0.010892502963542938,0.417331337928772,0.0
C3,3,"18,21,24",0.3,10,42,M75_HC,FACTUAL,1,14924,14924,1,1,2.9802322387695312e-08,0.0,0.1792333722114563,0.0
C3,3,"18,21,24",0.3,10,42,M75_HC,FACTUAL,2,220,220,1,1,0.000528744887560606,0.00013209556345827878,0.011585808359086514,0.0
C3,3,"18,21,24",0.3,10,42,M75_HC,FACTUAL,3,315,315,1,1,0.001210787333548069,0.0003065697383135557,0.3707805275917053,0.0
C3,3,"18,21,24",0.3,10,42,M75_HC,FACTUAL,4,279,279,1,1,0.0009768325835466385,0.00024325912818312645,0.15976330637931824,0.0
C3,3,"18,21,24",0.3,10,42,M75_HC,FACTUAL,5,11,11,1,1,0.0011562742292881012,0.00029532850021496415,0.3041308522224426,0.0
C3,3,"18,21,24",0.3,10,42,M75_HC,FACTUAL,6,12366,12366,1,1,0.004506003111600876,0.0011167312040925026,0.2579026222229004,0.0
C3,3,"18,21,24",0.3,10,42,M75_HC,FACTUAL,7,13,13,1,1,0.00036994239781051874,9.199269698001444e-05,0.13736793398857117,0.0
C3,3,"18,21,24",0.3,10,42,M75_HC,FACTUAL,8,1102,1102,1,1,0.002582696732133627,0.0006460037548094988,0.10075320303440094,0.0
C3,3,"18,21,24",0.3,10,42,M75_HC,FACTUAL,9,3363,3363,1,1,0.005465468391776085,0.0013537148479372263,0.030662231147289276,0.0
C3,3,"18,21,24",0.3,10,42,M75_HC,FACTUAL,10,315,315,1,1,0.000428113155066967,0.00010905158706009388,0.8133343458175659,0.0
C3,3,"18,21,24",0.3,10,42,M75_HC,FACTUAL,11,9822,9822,1,1,0.004754098132252693,0.0011878104414790869,0.05841211974620819,0.0
C3,3,"18,21,24",0.3,10,42,M75_HC,FACTUAL,12,374,374,1,1,7.660602568648756e-05,1.894810702651739e-05,0.9565091729164124,0.0
C3,3,"18,21,24",0.3,10,42,M75_HC,FACTUAL,13,20437,20437,1,1,0.0008080173283815384,0.00019527209224179387,0.9050605297088623,0.0
C3,3,"18,21,24",0.3,10,42,M75_HC,FACTUAL,14,13,13,1,1,0.0004582485416904092,0.0001128568546846509,0.7172704935073853,0.0
C3,3,"18,21,24",0.3,10,42,M75_HC,FACTUAL,15,578,578,1,1,0.0012738201767206192,0.0003235391341149807,0.7410066723823547,0.0
C3,3,"18,21,24",0.3,10,42,M75_HC,FACTUAL,16,6864,6864,1,1,7.222243584692478e-05,1.8489459762349725e-05,0.9809726476669312,0.0
C3,3,"18,21,24",0.3,10,42,M75_HC,FACTUAL,17,315,315,1,1,4.145848652115092e-05,1.0249064871459268e-05,0.9888872504234314,0.0
C3,3,"18,21,24",0.3,10,42,M75_HC,FACTUAL,18,15704,15704,1,1,0.0053737531416118145,0.001344784745015204,0.07322332262992859,0.0
C3,3,"18,21,24",0.3,10,42,M75_HC,FACTUAL,19,374,374,1,1,2.582533488748595e-05,6.40973485133145e-06,0.9859684705734253,0.0
C3,3,"18,21,24",0.3,10,42,M75_HC,FACTUAL,20,27286,27286,1,1,0.0001833837595768273,4.367194196674973e-05,0.9436232447624207,0.0
C3,3,"18,21,24",0.3,10,42,M75_HC,FACTUAL,21,13,13,1,1,7.627350714756176e-05,1.8684451788431033e-05,0.7475361227989197,0.0
C3,3,"18,21,24",0.3,10,42,M75_HC,FACTUAL,22,578,578,1,1,0.0007104901596903801,0.0001793274568626657,0.6224920749664307,0.0
C3,3,"18,21,24",0.3,10,42,M75_HC,FACTUAL,23,6864,6864,1,1,0.0004179365932941437,9.959173621609807e-05,0.9832731485366821,0.0
C3,3,"18,21,24",0.3,10,42,M75_HC,FACTUAL,24,315,315,1,1,4.457431350601837e-05,1.1113918844785076e-05,0.9893071055412292,0.0
C3,3,"18,21,24",0.3,10,42,M75_HC,FACTUAL,25,279,279,1,1,0.004497135058045387,0.0011484087444841862,0.01828831434249878,0.0
C3,3,"18,21,24",0.3,10,42,M75_HC,FACTUAL,26,374,374,1,1,7.939757779240608e-05,2.040149411186576e-05,0.9794945120811462,0.0
C3,3,"18,21,24",0.3,10,42,M75_TC,CODE,1,14924,14924,1,1,2.9802322387695312e-08,0.0,0.1792333722114563,0.0
C3,3,"18,21,24",0.3,10,42,M75_TC,CODE,2,1893,1893,1,1,0.0008353558368980885,0.00020937755471095443,0.01661641150712967,0.0
C3,3,"18,21,24",0.3,10,42,M75_TC,CODE,3,1471,1471,1,1,0.003529103472828865,0.000875827856361866,0.21676066517829895,0.0
C3,3,"18,21,24",0.3,10,42,M75_TC,CODE,4,997,997,1,1,0.00026875396724790335,6.486267375294119e-05,0.8152482509613037,0.0
C3,3,"18,21,24",0.3,10,42,M75_TC,CODE,5,262,262,1,1,0.0005246889777481556,0.00012803520075976849,0.8863227367401123,0.0
C3,3,"18,21,24",0.3,10,42,M75_TC,CODE,6,4304,4304,1,1,0.0018954671686515212,0.0004755841218866408,0.22200745344161987,0.0
C3,3,"18,21,24",0.3,10,42,M75_TC,CODE,7,308,308,1,1,4.5827797293895856e-05,1.1211042874492705e-05,0.9106017351150513,0.0
C3,3,"18,21,24",0.3,10,42,M75_TC,CODE,8,624,624,1,1,0.0019712476059794426,0.0004953835159540176,0.1325172781944275,0.0
C3,3,"18,21,24",0.3,10,42,M75_TC,CODE,9,220,220,1,1,1.4216211638995446e-06,4.461587650439469e-07,0.9676671028137207,0.0
C3,3,"18,21,24",0.3,10,42,M75_TC,CODE,10,16,16,1,1,0.0008402219973504543,0.0002133253583451733,0.31437069177627563,0.0
C3,3,"18,21,24",0.3,10,42,M75_TC,CODE,11,512,512,1,1,0.0001449489500373602,3.38620156981051e-05,0.9720737338066101,0.0
C3,3,"18,21,24",0.3,10,42,M75_TC,CODE,12,286,286,1,1,1.538797005196102e-05,3.8270354707492515e-06,0.9952748417854309,0.0
C3,3,"18,21,24",0.3,10,42,M75_TC,CODE,13,471,471,1,1,5.360541399568319e-05,1.3294644304551184e-05,0.9825902581214905,0.0
C3,3,"18,21,24",0.3,10,42,M75_TC,CODE,14,308,308,1,1,0.0012006396427750587,0.0003010430373251438,0.6942195296287537,0.0
C3,3,"18,21,24",0.3,10,42,M75_TC,CODE,15,198,198,1,1,0.000228973658522591,5.634994158754125e-05,0.8216173052787781,0.0
C3,3,"18,21,24",0.3,10,42,M75_TC,CODE,16,262,262,1,1,1.1898038792423904e-05,2.859953838196816e-06,0.9984374046325684,0.0
C3,3,"18,21,24",0.3,10,42,M75_TC,CODE,17,775,775,1,1,0.001515644253231585,0.0003985828661825508,0.6625936627388,0.0
C3,3,"18,21,24",0.3,10,42,M75_TC,CODE,18,76798,76798,1,1,0.0012113533448427916,0.00031758047407492995,0.9622496962547302,0.0
C3,3,"18,21,24",0.3,10,42,M75_TC,CODE,19,1471,1471,1,1,3.258212382206693e-05,8.542251634935383e-06,0.9981498718261719,0.0
C3,3,"18,21,24",0.3,10,42,M75_TC,CODE,20,12,12,1,1,1.8970815290231258e-05,4.54489781986922e-06,0.30224868655204773,0.0
C3,3,"18,21,24",0.3,10,42,M75_TC,CODE,21,16,16,1,1,6.449035936384462e-07,1.9709502652176525e-07,0.915694534778595,0.0
C3,3,"18,21,24",0.3,10,42,M75_TC,CODE,22,8,8,1,1,0.0008282121270895004,0.0001987082650884986,0.9411354660987854,0.0
C3,3,"18,21,24",0.3,10,42,M75_TC,CODE,23,489,489,1,1,7.308651674975408e-06,1.706012085378461e-06,0.9993842840194702,0.0
C3,3,"18,21,24",0.3,10,42,M75_TC,CODE,24,76798,76798,1,1,1.677639374975115e-05,3.990317054558545e-06,0.9967767000198364,0.0
C3,3,"18,21,24",0.3,10,42,M75_TC,CODE,25,1471,1471,1,1,1.7493118775746552e-06,3.737669658221421e-07,0.9976769089698792,0.0
C3,3,"18,21,24",0.3,10,42,M75_TC,CODE,26,12,12,1,1,7.349101360887289e-05,1.8672319129109383e-05,0.982437789440155,0.0
C3,3,"18,21,24",0.3,10,42,M75_RS,REASONING,1,14924,14924,1,1,2.9802322387695312e-08,0.0,0.1792333722114563,0.0
C3,3,"18,21,24",0.3,10,42,M75_RS,REASONING,2,315,315,1,1,0.0015594600699841976,0.000386964762583375,0.019612189382314682,0.0
C3,3,"18,21,24",0.3,10,42,M75_RS,REASONING,3,617,617,1,1,0.0018236441537737846,0.00045729544945061207,0.052788540720939636,0.0
C3,3,"18,21,24",0.3,10,42,M75_RS,REASONING,4,8369,8369,1,1,0.0029135183431208134,0.0007218885002657771,0.055122680962085724,0.0
C3,3,"18,21,24",0.3,10,42,M75_RS,REASONING,5,94003,94003,1,1,0.0012185906525701284,0.0003013192326761782,0.6794039607048035,0.0
C3,3,"18,21,24",0.3,10,42,M75_RS,REASONING,6,291,291,1,1,2.1506348275579512e-05,5.21754554938525e-06,0.9983245134353638,0.0
C3,3,"18,21,24",0.3,10,42,M75_RS,REASONING,7,11,11,1,1,0.0009005567990243435,0.00022796320263296366,0.16342304646968842,0.0
C3,3,"18,21,24",0.3,10,42,M75_RS,REASONING,8,1115,1115,1,1,0.0014379150234162807,0.0003582845674827695,0.02912161499261856,0.0
C3,3,"18,21,24",0.3,10,42,M75_RS,REASONING,9,56669,56669,1,1,0.006018172949552536,0.0015042268205434084,0.12318111956119537,0.0
C3,3,"18,21,24",0.3,10,42,M75_RS,REASONING,10,527,527,1,1,0.00032009417191147804,7.86603195592761e-05,0.6394582986831665,0.0
C3,3,"18,21,24",0.3,10,42,M75_RS,REASONING,11,56669,56669,1,1,0.004598279483616352,0.0011202847817912698,0.672369122505188,0.0
C3,3,"18,21,24",0.3,10,42,M75_RS,REASONING,12,13,13,1,1,0.0008561788126826286,0.0002098178956657648,0.7481845617294312,0.0
C3,3,"18,21,24",0.3,10,42,M75_RS,REASONING,13,2052,2052,1,1,0.004069814458489418,0.0010127048008143902,0.16030798852443695,0.0
C3,3,"18,21,24",0.3,10,42,M75_RS,REASONING,14,11,11,1,1,0.002699949312955141,0.000653004040941596,0.7562078833580017,0.0
C3,3,"18,21,24",0.3,10,42,M75_RS,REASONING,15,682,682,1,1,0.003087241668254137,0.0007817763835191727,0.4559172987937927,0.0
C3,3,"18,21,24",0.3,10,42,M75_RS,REASONING,16,57874,57874,1,1,0.005793249234557152,0.0013912972062826157,0.7255666851997375,0.0
C3,3,"18,21,24",0.3,10,42,M75_RS,REASONING,17,527,527,1,1,0.0003269851440563798,8.53265228215605e-05,0.95262610912323,0.0
C3,3,"18,21,24",0.3,10,42,M75_CR,CREATIVE,1,14924,14924,1,1,2.9802322387695312e-08,0.0,0.1792333722114563,0.0
C3,3,"18,21,24",0.3,10,42,M75_CR,CREATIVE,2,279,279,1,1,0.0007085499819368124,0.00017688644584268332,0.0600166991353035,0.0
C3,3,"18,21,24",0.3,10,42,M75_CR,CREATIVE,3,3293,3293,1,1,0.0016632061451673508,0.00041232805233448744,0.004808641970157623,0.0
C3,3,"18,21,24",0.3,10,42,M75_CR,CREATIVE,4,1405,1405,1,1,0.0018791528418660164,0.0004728715866804123,0.30079007148742676,0.0
C3,3,"18,21,24",0.3,10,42,M75_CR,CREATIVE,5,279,279,1,1,0.000811711885035038,0.00020319322356954217,0.04399310424923897,0.0
C3,3,"18,21,24",0.3,10,42,M75_CR,CREATIVE,6,374,374,1,1,0.0014499891549348831,0.0003576644230633974,0.23666971921920776,0.0
C3,3,"18,21,24",0.3,10,42,M75_CR,CREATIVE,7,22009,22009,1,1,0.0018383320420980453,0.00045990338549017906,0.04640958458185196,0.0
C3,3,"18,21,24",0.3,10,42,M75_CR,CREATIVE,8,10134,10134,1,1,0.0017210266087204218,0.00042973289964720607,0.07377088069915771,0.0
C3,3,"18,21,24",0.3,10,42,M75_CR,CREATIVE,9,11,11,1,1,0.00035229173954576254,8.533225627616048e-05,0.946262538433075,0.0
C3,3,"18,21,24",0.3,10,42,M75_CR,CREATIVE,10,279,279,1,1,0.03673717379570007,0.009055712725967169,0.07418242841959,0.0
C3,3,"18,21,24",0.3,10,42,M75_CR,CREATIVE,11,15861,1176,0,1,0.009139567613601685,0.0022803572937846184,0.002212394028902054,0.0
C3,3,"18,21,24",0.3,10,42,M75_CR,CREATIVE,12,2383,2383,1,1,0.005128056742250919,0.001291904307436198,0.08407969772815704,0.0
C3,3,"18,21,24",0.3,10,42,M75_CR,CREATIVE,13,499,499,1,1,0.0014132778160274029,0.0003436853876337409,0.5125703811645508,0.0
C3,3,"18,21,24",0.3,10,42,M75_CR,CREATIVE,14,1053,1053,1,1,0.006589462980628014,0.001729216193780303,0.8260341882705688,0.0
C3,3,"18,21,24",0.3,10,42,M75_CR,CREATIVE,15,574,574,1,1,0.005800636485219002,0.0014339652843773365,0.0,0.0
C3,3,"18,21,24",0.3,10,42,M75_CR,CREATIVE,16,430,430,1,1,0.053239256143569946,0.01178967161104083,0.417331337928772,0.0
C4,5,"15,18,21,24,27",0.3,10,42,M75_HC,FACTUAL,1,14924,14924,1,1,2.9802322387695312e-08,0.0,0.1792333722114563,0.0
C4,5,"15,18,21,24,27",0.3,10,42,M75_HC,FACTUAL,2,220,220,1,1,0.0007730140350759029,0.00019317693659104407,0.011585808359086514,0.0
C4,5,"15,18,21,24,27",0.3,10,42,M75_HC,FACTUAL,3,315,315,1,1,0.003945435397326946,0.0009704723488539457,0.3707805275917053,0.0
C4,5,"15,18,21,24,27",0.3,10,42,M75_HC,FACTUAL,4,279,279,1,1,0.002280659042298794,0.000570800737477839,0.15976330637931824,0.0
C4,5,"15,18,21,24,27",0.3,10,42,M75_HC,FACTUAL,5,11,11,1,1,0.0012057417770847678,0.000304851564578712,0.3041308522224426,0.0
C4,5,"15,18,21,24,27",0.3,10,42,M75_HC,FACTUAL,6,12366,12366,1,1,0.002065792679786682,0.0005174310645088553,0.2579026222229004,0.0
C4,5,"15,18,21,24,27",0.3,10,42,M75_HC,FACTUAL,7,13,13,1,1,0.002704163547605276,0.0006760160904377699,0.13736793398857117,0.0
C4,5,"15,18,21,24,27",0.3,10,42,M75_HC,FACTUAL,8,1102,1102,1,1,0.0037689702585339546,0.0009189944248646498,0.10075320303440094,0.0
C4,5,"15,18,21,24,27",0.3,10,42,M75_HC,FACTUAL,9,3363,3363,1,1,0.005638027563691139,0.0014239323791116476,0.030662231147289276,0.0
C4,5,"15,18,21,24,27",0.3,10,42,M75_HC,FACTUAL,10,315,315,1,1,0.0006357597885653377,0.00015541838365606964,0.8133343458175659,0.0
C4,5,"15,18,21,24,27",0.3,10,42,M75_HC,FACTUAL,11,9822,9822,1,1,0.00910106860101223,0.002253196435049176,0.05841211974620819,0.0
C4,5,"15,18,21,24,27",0.3,10,42,M75_HC,FACTUAL,12,374,374,1,1,0.00016771152149885893,4.150347376707941e-05,0.9565091729164124,0.0
C4,5,"15,18,21,24,27",0.3,10,42,M75_HC,FACTUAL,13,20437,20437,1,1,0.0006190999411046505,0.0001509643334429711,0.9050605297088623,0.0
C4,5,"15,18,21,24,27",0.3,10,42,M75_HC,FACTUAL,14,13,13,1,1,0.0022177062928676605,0.0005397233180701733,0.7172704935073853,0.0
C4,5,"15,18,21,24,27",0.3,10,42,M75_HC,FACTUAL,15,578,578,1,1,0.0010101855732500553,0.00025717972312122583,0.7410066723823547,0.0
C4,5,"15,18,21,24,27",0.3,10,42,M75_HC,FACTUAL,16,6864,6864,1,1,0.0003306805156171322,8.577341213822365e-05,0.9809726476669312,0.0
C4,5,"15,18,21,24,27",0.3,10,42,M75_HC,FACTUAL,17,315,315,1,1,2.9984803404659033e-05,7.727980118943378e-06,0.9888872504234314,0.0
C4,5,"15,18,21,24,27",0.3,10,42,M75_HC,FACTUAL,18,15704,15704,1,1,0.005211133509874344,0.0012683712411671877,0.07322332262992859,0.0
C4,5,"15,18,21,24,27",0.3,10,42,M75_HC,FACTUAL,19,374,374,1,1,0.00010161788668483496,2.598078572191298e-05,0.9859684705734253,0.0
C4,5,"15,18,21,24,27",0.3,10,42,M75_HC,FACTUAL,20,27286,27286,1,1,0.0004439248004928231,0.00010310899233445525,0.9436232447624207,0.0
C4,5,"15,18,21,24,27",0.3,10,42,M75_HC,FACTUAL,21,13,13,1,1,0.00034743710421025753,8.491752669215202e-05,0.7475361227989197,0.0
C4,5,"15,18,21,24,27",0.3,10,42,M75_HC,FACTUAL,22,578,578,1,1,0.008010320365428925,0.002053581178188324,0.6224920749664307,0.0
C4,5,"15,18,21,24,27",0.3,10,42,M75_HC,FACTUAL,23,6864,6864,1,1,0.0013826272916048765,0.0003157311584800482,0.9832731485366821,0.0
C4,5,"15,18,21,24,27",0.3,10,42,M75_HC,FACTUAL,24,315,315,1,1,0.00014283222844824195,3.425015165703371e-05,0.9893071055412292,0.0
C4,5,"15,18,21,24,27",0.3,10,42,M75_HC,FACTUAL,25,279,279,1,1,0.009983918629586697,0.002607984934002161,0.01828831434249878,0.0
C4,5,"15,18,21,24,27",0.3,10,42,M75_HC,FACTUAL,26,374,374,1,1,0.00033296074252575636,7.979536894708872e-05,0.9794945120811462,0.0
C4,5,"15,18,21,24,27",0.3,10,42,M75_TC,CODE,1,14924,14924,1,1,2.9802322387695312e-08,0.0,0.1792333722114563,0.0
C4,5,"15,18,21,24,27",0.3,10,42,M75_TC,CODE,2,1893,1893,1,1,0.0012061572633683681,0.0003014147805515677,0.01661641150712967,0.0
C4,5,"15,18,21,24,27",0.3,10,42,M75_TC,CODE,3,1471,1471,1,1,0.003870711661875248,0.0009904687758535147,0.21676066517829895,0.0
C4,5,"15,18,21,24,27",0.3,10,42,M75_TC,CODE,4,997,997,1,1,0.00022383779287338257,5.7437107898294926e-05,0.8152482509613037,0.0
C4,5,"15,18,21,24,27",0.3,10,42,M75_TC,CODE,5,262,262,1,1,0.0006351270712912083,0.00015629606787115335,0.8863227367401123,0.0
C4,5,"15,18,21,24,27",0.3,10,42,M75_TC,CODE,6,4304,4304,1,1,0.0027797017246484756,0.00070157740265131,0.22200745344161987,0.0
C4,5,"15,18,21,24,27",0.3,10,42,M75_TC,CODE,7,308,308,1,1,0.001885854173451662,0.0004484796663746238,0.9106017351150513,0.0
C4,5,"15,18,21,24,27",0.3,10,42,M75_TC,CODE,8,624,624,1,1,0.004568235948681831,0.0011476315557956696,0.1325172781944275,0.0
C4,5,"15,18,21,24,27",0.3,10,42,M75_TC,CODE,9,220,220,1,1,0.0001345132477581501,3.297650255262852e-05,0.9676671028137207,0.0
C4,5,"15,18,21,24,27",0.3,10,42,M75_TC,CODE,10,16,16,1,1,0.0007934237364679575,0.00019519147463142872,0.31437069177627563,0.0
C4,5,"15,18,21,24,27",0.3,10,42,M75_TC,CODE,11,512,512,1,1,0.00021461013238877058,4.9565176595933735e-05,0.9720737338066101,0.0
C4,5,"15,18,21,24,27",0.3,10,42,M75_TC,CODE,12,286,286,1,1,2.7965772460447624e-05,7.07601407157199e-06,0.9952748417854309,0.0
C4,5,"15,18,21,24,27",0.3,10,42,M75_TC,CODE,13,471,471,1,1,2.4865199520718306e-05,6.298541848082095e-06,0.9825902581214905,0.0
C4,5,"15,18,21,24,27",0.3,10,42,M75_TC,CODE,14,308,308,1,1,0.01001693308353424,0.0025931894779205322,0.6942195296287537,0.0
C4,5,"15,18,21,24,27",0.3,10,42,M75_TC,CODE,15,198,198,1,1,0.0007665611919946969,0.00018418391118757427,0.8216173052787781,0.0
C4,5,"15,18,21,24,27",0.3,10,42,M75_TC,CODE,16,262,262,1,1,8.085651643341407e-06,1.9815067844319856e-06,0.9984374046325684,0.0
C4,5,"15,18,21,24,27",0.3,10,42,M75_TC,CODE,17,775,775,1,1,0.0023231161758303642,0.0005906429141759872,0.6625936627388,0.0
C4,5,"15,18,21,24,27",0.3,10,42,M75_TC,CODE,18,76798,76798,1,1,0.00351182883605361,0.0009563839412294328,0.9622496962547302,0.0
C4,5,"15,18,21,24,27",0.3,10,42,M75_TC,CODE,19,1471,1471,1,1,1.4801513316342607e-05,3.8296793718473054e-06,0.9981498718261719,0.0
C4,5,"15,18,21,24,27",0.3,10,42,M75_TC,CODE,20,12,12,1,1,2.4189330360968597e-05,6.012031917634886e-06,0.30224868655204773,0.0
C4,5,"15,18,21,24,27",0.3,10,42,M75_TC,CODE,21,16,16,1,1,2.6223376607958926e-06,6.972935011617665e-07,0.915694534778595,0.0
C4,5,"15,18,21,24,27",0.3,10,42,M75_TC,CODE,22,8,8,1,1,4.493283540796256e-06,1.1469320497781155e-06,0.9411354660987854,0.0
C4,5,"15,18,21,24,27",0.3,10,42,M75_TC,CODE,23,489,489,1,1,3.127576746919658e-06,8.097587169686449e-07,0.9993842840194702,0.0
C4,5,"15,18,21,24,27",0.3,10,42,M75_TC,CODE,24,76798,76798,1,1,1.7624683096073568e-05,4.317245839047246e-06,0.9967767000198364,0.0
C4,5,"15,18,21,24,27",0.3,10,42,M75_TC,CODE,25,1471,1471,1,1,5.0811690925911535e-06,1.2696874591711094e-06,0.9976769089698792,0.0
C4,5,"15,18,21,24,27",0.3,10,42,M75_TC,CODE,26,12,12,1,1,8.078035898506641e-05,2.0302715711295605e-05,0.982437789440155,0.0
C4,5,"15,18,21,24,27",0.3,10,42,M75_RS,REASONING,1,14924,14924,1,1,2.9802322387695312e-08,0.0,0.1792333722114563,0.0
C4,5,"15,18,21,24,27",0.3,10,42,M75_RS,REASONING,2,315,315,1,1,0.0024976402055472136,0.000622994382865727,0.019612189382314682,0.0
C4,5,"15,18,21,24,27",0.3,10,42,M75_RS,REASONING,3,617,617,1,1,0.0023789461702108383,0.0005969388876110315,0.052788540720939636,0.0
C4,5,"15,18,21,24,27",0.3,10,42,M75_RS,REASONING,4,8369,8369,1,1,0.002416405826807022,0.000597847334574908,0.055122680962085724,0.0
C4,5,"15,18,21,24,27",0.3,10,42,M75_RS,REASONING,5,94003,94003,1,1,0.0012048383941873908,0.00029657871345989406,0.6794039607048035,0.0
C4,5,"15,18,21,24,27",0.3,10,42,M75_RS,REASONING,6,291,291,1,1,1.7976817616727203e-05,4.30461295763962e-06,0.9983245134353638,0.0
C4,5,"15,18,21,24,27",0.3,10,42,M75_RS,REASONING,7,11,11,1,1,0.002233106642961502,0.0005584200844168663,0.16342304646968842,0.0
C4,5,"15,18,21,24,27",0.3,10,42,M75_RS,REASONING,8,1115,1115,1,1,0.005360539071261883,0.0013338536955416203,0.02912161499261856,0.0
C4,5,"15,18,21,24,27",0.3,10,42,M75_RS,REASONING,9,56669,56669,1,1,0.008103925734758377,0.002025703201070428,0.12318111956119537,0.0
C4,5,"15,18,21,24,27",0.3,10,42,M75_RS,REASONING,10,527,527,1,1,0.0012341663241386414,0.00031300634145736694,0.6394582986831665,0.0
C4,5,"15,18,21,24,27",0.3,10,42,M75_RS,REASONING,11,56669,56669,1,1,0.01758723333477974,0.00417542178183794,0.672369122505188,0.0
C4,5,"15,18,21,24,27",0.3,10,42,M75_RS,REASONING,12,13,13,1,1,0.000568164512515068,0.0001378503511659801,0.7481845617294312,0.0
C4,5,"15,18,21,24,27",0.3,10,42,M75_RS,REASONING,13,2052,2052,1,1,0.004689611494541168,0.0011632146779447794,0.16030798852443695,0.0
C4,5,"15,18,21,24,27",0.3,10,42,M75_RS,REASONING,14,11,11,1,1,0.0019503547810018063,0.0004686813335865736,0.7562078833580017,0.0
C4,5,"15,18,21,24,27",0.3,10,42,M75_RS,REASONING,15,682,682,1,1,0.013684187084436417,0.003339469665661454,0.4559172987937927,0.0
C4,5,"15,18,21,24,27",0.3,10,42,M75_RS,REASONING,16,57874,57874,1,1,0.003933822736144066,0.0010098845232278109,0.7255666851997375,0.0
C4,5,"15,18,21,24,27",0.3,10,42,M75_RS,REASONING,17,527,527,1,1,0.000859064282849431,0.00022763380547985435,0.95262610912323,0.0
C4,5,"15,18,21,24,27",0.3,10,42,M75_CR,CREATIVE,1,14924,14924,1,1,2.9802322387695312e-08,0.0,0.1792333722114563,0.0
C4,5,"15,18,21,24,27",0.3,10,42,M75_CR,CREATIVE,2,279,279,1,1,0.0008951826021075249,0.00022317050024867058,0.0600166991353035,0.0
C4,5,"15,18,21,24,27",0.3,10,42,M75_CR,CREATIVE,3,3293,3293,1,1,0.0025620227679610252,0.000638372206594795,0.004808641970157623,0.0
C4,5,"15,18,21,24,27",0.3,10,42,M75_CR,CREATIVE,4,1405,1405,1,1,0.000572084216400981,0.0001443644578102976,0.30079007148742676,0.0
C4,5,"15,18,21,24,27",0.3,10,42,M75_CR,CREATIVE,5,279,279,1,1,0.0016106301918625832,0.0004015369340777397,0.04399310424923897,0.0
C4,5,"15,18,21,24,27",0.3,10,42,M75_CR,CREATIVE,6,374,374,1,1,0.002803209237754345,0.0006919554434716702,0.23666971921920776,0.0
C4,5,"15,18,21,24,27",0.3,10,42,M75_CR,CREATIVE,7,22009,22009,1,1,0.0036650849506258965,0.0009155210573226213,0.04640958458185196,0.0
C4,5,"15,18,21,24,27",0.3,10,42,M75_CR,CREATIVE,8,10134,10134,1,1,0.01155918464064598,0.0028916657902300358,0.07377088069915771,0.0
C4,5,"15,18,21,24,27",0.3,10,42,M75_CR,CREATIVE,9,11,11,1,1,0.0006283093243837357,0.00014964002184569836,0.946262538433075,0.0
C4,5,"15,18,21,24,27",0.3,10,42,M75_CR,CREATIVE,10,279,279,1,1,0.08642122149467468,0.02218510303646326,0.07418242841959,0.0
C4,5,"15,18,21,24,27",0.3,10,42,M75_CR,CREATIVE,11,15861,1176,0,1,0.027140438556671143,0.006646276684477925,0.002212394028902054,0.0
C4,5,"15,18,21,24,27",0.3,10,42,M75_CR,CREATIVE,12,2383,2383,1,1,0.024645406752824783,0.006281558191403747,0.08407969772815704,0.0
C4,5,"15,18,21,24,27",0.3,10,42,M75_CR,CREATIVE,13,499,499,1,1,0.004217182751744986,0.0010190927423536777,0.5125703811645508,0.0
C4,5,"15,18,21,24,27",0.3,10,42,M75_CR,CREATIVE,14,1053,1053,1,1,0.007856516167521477,0.002078839112073183,0.8260341882705688,0.0
C4,5,"15,18,21,24,27",0.3,10,42,M75_CR,CREATIVE,15,574,574,1,1,0.017804082483053207,0.004385080188512802,0.0,0.0
C4,5,"15,18,21,24,27",0.3,10,42,M75_CR,CREATIVE,16,430,430,1,1,0.08122728765010834,0.017385853454470634,0.417331337928772,0.0
C5,3,"18,19,20",0.3,10,42,M75_HC,FACTUAL,1,14924,14924,1,1,2.9802322387695312e-08,0.0,0.1792333722114563,0.0
C5,3,"18,19,20",0.3,10,42,M75_HC,FACTUAL,2,220,220,1,1,0.0004892377182841301,0.00012240398791618645,0.011585808359086514,0.0
C5,3,"18,19,20",0.3,10,42,M75_HC,FACTUAL,3,315,315,1,1,0.001322236843407154,0.00033339718356728554,0.3707805275917053,0.0
C5,3,"18,19,20",0.3,10,42,M75_HC,FACTUAL,4,279,279,1,1,0.000996248796582222,0.0002476933295838535,0.15976330637931824,0.0
C5,3,"18,19,20",0.3,10,42,M75_HC,FACTUAL,5,11,11,1,1,0.0006710493471473455,0.00017071131151169538,0.3041308522224426,0.0
C5,3,"18,19,20",0.3,10,42,M75_HC,FACTUAL,6,12366,12366,1,1,0.004352787509560585,0.0010714740492403507,0.2579026222229004,0.0
C5,3,"18,19,20",0.3,10,42,M75_HC,FACTUAL,7,13,13,1,1,0.002124959137290716,0.0005322585348039865,0.13736793398857117,0.0
C5,3,"18,19,20",0.3,10,42,M75_HC,FACTUAL,8,1102,1102,1,1,0.0038756155408918858,0.0009670493891462684,0.10075320303440094,0.0
C5,3,"18,19,20",0.3,10,42,M75_HC,FACTUAL,9,3363,3363,1,1,0.0021474938839673996,0.0005365613615140319,0.030662231147289276,0.0
C5,3,"18,19,20",0.3,10,42,M75_HC,FACTUAL,10,315,315,1,1,0.00151797104626894,0.00039231753908097744,0.8133343458175659,0.0
C5,3,"18,19,20",0.3,10,42,M75_HC,FACTUAL,11,9822,9822,1,1,0.004172937013208866,0.0010343168396502733,0.05841211974620819,0.0
C5,3,"18,19,20",0.3,10,42,M75_HC,FACTUAL,12,374,374,1,1,0.00015306181740015745,3.84832383133471e-05,0.9565091729164124,0.0
C5,3,"18,19,20",0.3,10,42,M75_HC,FACTUAL,13,20437,20437,1,1,0.0013004911597818136,0.0003117700107395649,0.9050605297088623,0.0
C5,3,"18,19,20",0.3,10,42,M75_HC,FACTUAL,14,13,13,1,1,6.940413732081652e-05,1.7472179024480283e-05,0.7172704935073853,0.0
C5,3,"18,19,20",0.3,10,42,M75_HC,FACTUAL,15,578,578,1,1,0.00034945207880809903,8.713036368135363e-05,0.7410066723823547,0.0
C5,3,"18,19,20",0.3,10,42,M75_HC,FACTUAL,16,6864,6864,1,1,0.00011844845721498132,3.042588650714606e-05,0.9809726476669312,0.0
C5,3,"18,19,20",0.3,10,42,M75_HC,FACTUAL,17,315,315,1,1,8.75163241289556e-05,2.1214909793343395e-05,0.9888872504234314,0.0
C5,3,"18,19,20",0.3,10,42,M75_HC,FACTUAL,18,15704,15704,1,1,0.002131001092493534,0.0005316731985658407,0.07322332262992859,0.0
C5,3,"18,19,20",0.3,10,42,M75_HC,FACTUAL,19,374,374,1,1,7.509568240493536e-05,1.8236911273561418e-05,0.9859684705734253,0.0
C5,3,"18,19,20",0.3,10,42,M75_HC,FACTUAL,20,27286,27286,1,1,0.0001300463336519897,3.2670184737071395e-05,0.9436232447624207,0.0
C5,3,"18,19,20",0.3,10,42,M75_HC,FACTUAL,21,13,13,1,1,5.986717587802559e-05,1.4686156191601185e-05,0.7475361227989197,0.0
C5,3,"18,19,20",0.3,10,42,M75_HC,FACTUAL,22,578,578,1,1,0.0005595387192443013,0.00014437109348364174,0.6224920749664307,0.0
C5,3,"18,19,20",0.3,10,42,M75_HC,FACTUAL,23,6864,6864,1,1,9.494757978245616e-05,2.3147717001847923e-05,0.9832731485366821,0.0
C5,3,"18,19,20",0.3,10,42,M75_HC,FACTUAL,24,315,315,1,1,0.00012269073340576142,2.942135870398488e-05,0.9893071055412292,0.0
C5,3,"18,19,20",0.3,10,42,M75_HC,FACTUAL,25,279,279,1,1,0.0007605057908222079,0.00018715928308665752,0.01828831434249878,0.0
C5,3,"18,19,20",0.3,10,42,M75_HC,FACTUAL,26,374,374,1,1,6.573437713086605e-05,1.6778198187239468e-05,0.9794945120811462,0.0
C5,3,"18,19,20",0.3,10,42,M75_TC,CODE,1,14924,14924,1,1,2.9802322387695312e-08,0.0,0.1792333722114563,0.0
C5,3,"18,19,20",0.3,10,42,M75_TC,CODE,2,1893,1893,1,1,0.0007500110077671707,0.00018791132606565952,0.01661641150712967,0.0
C5,3,"18,19,20",0.3,10,42,M75_TC,CODE,3,1471,1471,1,1,0.002986717037856579,0.0007438317406922579,0.21676066517829895,0.0
C5,3,"18,19,20",0.3,10,42,M75_TC,CODE,4,997,997,1,1,0.0008552002836950123,0.00021752862085122615,0.8152482509613037,0.0
C5,3,"18,19,20",0.3,10,42,M75_TC,CODE,5,262,262,1,1,8.530494233127683e-05,2.1744279365520924e-05,0.8863227367401123,0.0
C5,3,"18,19,20",0.3,10,42,M75_TC,CODE,6,4304,4304,1,1,0.0007643075659871101,0.00019535596948117018,0.22200745344161987,0.0
C5,3,"18,19,20",0.3,10,42,M75_TC,CODE,7,308,308,1,1,0.00035276729613542557,8.679513121023774e-05,0.9106017351150513,0.0
C5,3,"18,19,20",0.3,10,42,M75_TC,CODE,8,624,624,1,1,0.00027502060402184725,6.860178473289125e-05,0.1325172781944275,0.0
C5,3,"18,19,20",0.3,10,42,M75_TC,CODE,9,220,220,1,1,0.00014071655459702015,3.433815436437726e-05,0.9676671028137207,0.0
C5,3,"18,19,20",0.3,10,42,M75_TC,CODE,10,16,16,1,1,0.0008709515095688403,0.00022113759041531011,0.31437069177627563,0.0
C5,3,"18,19,20",0.3,10,42,M75_TC,CODE,11,512,512,1,1,3.985315561294556e-05,9.380099072586745e-06,0.9720737338066101,0.0
C5,3,"18,19,20",0.3,10,42,M75_TC,CODE,12,286,286,1,1,4.344731860328466e-05,1.1260381143074483e-05,0.9952748417854309,0.0
C5,3,"18,19,20",0.3,10,42,M75_TC,CODE,13,471,471,1,1,9.639794006943703e-05,2.526274329284206e-05,0.9825902581214905,0.0
C5,3,"18,19,20",0.3,10,42,M75_TC,CODE,14,308,308,1,1,0.010154373943805695,0.0026338519528508186,0.6942195296287537,0.0
C5,3,"18,19,20",0.3,10,42,M75_TC,CODE,15,198,198,1,1,0.0005910638719797134,0.00015026400797069073,0.8216173052787781,0.0
C5,3,"18,19,20",0.3,10,42,M75_TC,CODE,16,262,262,1,1,5.577220690611284e-06,1.3703588592761662e-06,0.9984374046325684,0.0
C5,3,"18,19,20",0.3,10,42,M75_TC,CODE,17,775,775,1,1,0.0013258261606097221,0.00032633659429848194,0.6625936627388,0.0
C5,3,"18,19,20",0.3,10,42,M75_TC,CODE,18,76798,76798,1,1,0.00040125686791725457,0.00010402958287158981,0.9622496962547302,0.0
C5,3,"18,19,20",0.3,10,42,M75_TC,CODE,19,1471,1471,1,1,2.000990934902802e-05,5.235307071416173e-06,0.9981498718261719,0.0
C5,3,"18,19,20",0.3,10,42,M75_TC,CODE,20,12,12,1,1,1.1843052561744116e-05,2.9558341338997707e-06,0.30224868655204773,0.0
C5,3,"18,19,20",0.3,10,42,M75_TC,CODE,21,16,16,1,1,1.3757316992268898e-06,3.7401446206786204e-07,0.915694534778595,0.0
C5,3,"18,19,20",0.3,10,42,M75_TC,CODE,22,8,8,1,1,2.9566558623628225e-06,7.399571586574893e-07,0.9411354660987854,0.0
C5,3,"18,19,20",0.3,10,42,M75_TC,CODE,23,489,489,1,1,2.8736303647747263e-06,7.199487868092547e-07,0.9993842840194702,0.0
C5,3,"18,19,20",0.3,10,42,M75_TC,CODE,24,76798,76798,1,1,9.895185939967632e-06,2.4903602025005966e-06,0.9967767000198364,0.0
C5,3,"18,19,20",0.3,10,42,M75_TC,CODE,25,1471,1471,1,1,1.1533928045537323e-05,2.9278380679897964e-06,0.9976769089698792,0.0
C5,3,"18,19,20",0.3,10,42,M75_TC,CODE,26,12,12,1,1,2.388799657637719e-06,5.795768629468512e-07,0.982437789440155,0.0
C5,3,"18,19,20",0.3,10,42,M75_RS,REASONING,1,14924,14924,1,1,2.9802322387695312e-08,0.0,0.1792333722114563,0.0
C5,3,"18,19,20",0.3,10,42,M75_RS,REASONING,2,315,315,1,1,0.0009773707715794444,0.00024447502801194787,0.019612189382314682,0.0
C5,3,"18,19,20",0.3,10,42,M75_RS,REASONING,3,617,617,1,1,0.0017264438793063164,0.00043370923958718777,0.052788540720939636,0.0
C5,3,"18,19,20",0.3,10,42,M75_RS,REASONING,4,8369,8369,1,1,0.0022317240945994854,0.0005559981218539178,0.055122680962085724,0.0
C5,3,"18,19,20",0.3,10,42,M75_RS,REASONING,5,94003,94003,1,1,6.698165088891983e-05,1.657450047787279e-05,0.6794039607048035,0.0
C5,3,"18,19,20",0.3,10,42,M75_RS,REASONING,6,291,291,1,1,1.109271397581324e-05,2.8406066121533513e-06,0.9983245134353638,0.0
C5,3,"18,19,20",0.3,10,42,M75_RS,REASONING,7,11,11,1,1,0.002236438449472189,0.0005597078707069159,0.16342304646968842,0.0
C5,3,"18,19,20",0.3,10,42,M75_RS,REASONING,8,1115,1115,1,1,0.003294197842478752,0.0008297977037727833,0.02912161499261856,0.0
C5,3,"18,19,20",0.3,10,42,M75_RS,REASONING,9,56669,56669,1,1,0.006351782009005547,0.0015838840045034885,0.12318111956119537,0.0
C5,3,"18,19,20",0.3,10,42,M75_RS,REASONING,10,527,527,1,1,0.0012958887964487076,0.00032736477442085743,0.6394582986831665,0.0
C5,3,"18,19,20",0.3,10,42,M75_RS,REASONING,11,56669,56669,1,1,0.0008545774035155773,0.00021614925935864449,0.672369122505188,0.0
C5,3,"18,19,20",0.3,10,42,M75_RS,REASONING,12,13,13,1,1,0.001269184984266758,0.00031162891536951065,0.7481845617294312,0.0
C5,3,"18,19,20",0.3,10,42,M75_RS,REASONING,13,2052,2052,1,1,0.001815742813050747,0.0004513354506343603,0.16030798852443695,0.0
C5,3,"18,19,20",0.3,10,42,M75_RS,REASONING,14,11,11,1,1,0.002980692544952035,0.0007222613785415888,0.7562078833580017,0.0
C5,3,"18,19,20",0.3,10,42,M75_RS,REASONING,15,682,682,1,1,0.0020402302034199238,0.0005119234556332231,0.4559172987937927,0.0
C5,3,"18,19,20",0.3,10,42,M75_RS,REASONING,16,57874,57874,1,1,0.005858431104570627,0.0014030205202288926,0.7255666851997375,0.0
C5,3,"18,19,20",0.3,10,42,M75_RS,REASONING,17,527,527,1,1,0.00024043151643127203,6.215009489096701e-05,0.95262610912323,0.0
C5,3,"18,19,20",0.3,10,42,M75_CR,CREATIVE,1,14924,14924,1,1,2.9802322387695312e-08,0.0,0.1792333722114563,0.0
C5,3,"18,19,20",0.3,10,42,M75_CR,CREATIVE,2,279,279,1,1,0.00031042963382788,7.772015669615939e-05,0.0600166991353035,0.0
C5,3,"18,19,20",0.3,10,42,M75_CR,CREATIVE,3,3293,3293,1,1,0.0013897193130105734,0.0003473500837571919,0.004808641970157623,0.0
C5,3,"18,19,20",0.3,10,42,M75_CR,CREATIVE,4,1405,1405,1,1,0.0006074579432606697,0.00015343102859333158,0.30079007148742676,0.0
C5,3,"18,19,20",0.3,10,42,M75_CR,CREATIVE,5,279,279,1,1,0.0010877863969653845,0.00027229299303144217,0.04399310424923897,0.0
C5,3,"18,19,20",0.3,10,42,M75_CR,CREATIVE,6,374,374,1,1,0.002279304899275303,0.0005652890540659428,0.23666971921920776,0.0
C5,3,"18,19,20",0.3,10,42,M75_CR,CREATIVE,7,22009,22009,1,1,0.0020923176780343056,0.0005215230630710721,0.04640958458185196,0.0
C5,3,"18,19,20",0.3,10,42,M75_CR,CREATIVE,8,10134,10134,1,1,0.00148723681923002,0.00037165691901464015,0.07377088069915771,0.0
C5,3,"18,19,20",0.3,10,42,M75_CR,CREATIVE,9,11,11,1,1,0.0010243477299809456,0.0002660761238075793,0.946262538433075,0.0
C5,3,"18,19,20",0.3,10,42,M75_CR,CREATIVE,10,279,279,1,1,0.07195284217596054,0.01643872819840908,0.07418242841959,0.0
C5,3,"18,19,20",0.3,10,42,M75_CR,CREATIVE,11,15861,15861,1,1,0.014184627681970596,0.0035403870278969407,0.002212394028902054,0.0
C5,3,"18,19,20",0.3,10,42,M75_CR,CREATIVE,12,2383,2383,1,1,0.007686333730816841,0.0019216984510421753,0.08407969772815704,0.0
C5,3,"18,19,20",0.3,10,42,M75_CR,CREATIVE,13,499,499,1,1,0.002286849543452263,0.0005615679547190666,0.5125703811645508,0.0
C5,3,"18,19,20",0.3,10,42,M75_CR,CREATIVE,14,1053,1053,1,1,0.0021301470696926117,0.0005341720534488559,0.8260341882705688,0.0
C5,3,"18,19,20",0.3,10,42,M75_CR,CREATIVE,15,574,1053,0,1,0.025297194719314575,0.006274264305830002,0.0,0.0
C5,3,"18,19,20",0.3,10,42,M75_CR,CREATIVE,16,430,430,1,1,0.009141763672232628,0.0023164120502769947,0.417331337928772,0.0
