config_id,n_layers,layers_str,alpha,total_steps,top1_agree_count,top1_pct,mean_kl,mean_js,mean_prob_gap,confident_flips,moderate_flips,ambiguous_flips,kl_at_confident,kl_at_ambiguous
L0,1,18,0.0,85,85,100.0,0.0,0.0,0.519529,0,0,0,0.0,0.0
L1,2,"18,24",0.0,85,85,100.0,0.0,0.0,0.519529,0,0,0,0.0,0.0
L2,5,"15,18,21,24,27",0.0,85,85,100.0,0.0,0.0,0.519529,0,0,0,0.0,0.0
L3,10,"10,12,14,16,18,20,22,24,26,27",0.0,85,85,100.0,0.0,0.0,0.519529,0,0,0,0.0,0.0
L4,3,"18,19,20",0.0,85,85,100.0,0.0,0.0,0.519529,0,0,0,0.0,0.0
L5,6,"12,15,18,21,24,27",0.0,85,85,100.0,0.0,0.0,0.519529,0,0,0,0.0,0.0
L6,3,"18,21,24",0.0,85,85,100.0,0.0,0.0,0.519529,0,0,0,0.0,0.0
L7,4,"15,18,21,24",0.0,85,85,100.0,0.0,0.0,0.519529,0,0,0,0.0,0.0
L0,1,18,0.05,85,85,100.0,0.000421,0.000106,0.519529,0,0,0,0.000238,0.000787
L1,2,"18,24",0.05,85,85,100.0,0.000547,0.000137,0.519529,0,0,0,0.000227,0.000705
L2,5,"15,18,21,24,27",0.05,85,85,100.0,0.000557,0.000138,0.519529,0,0,0,0.000332,0.000955
L3,10,"10,12,14,16,18,20,22,24,26,27",0.05,85,84,98.8235,0.000739,0.000184,0.519529,0,0,1,0.000226,0.001616
L4,3,"18,19,20",0.05,85,84,98.8235,0.000456,0.000114,0.519529,0,0,1,0.000198,0.000898
L5,6,"12,15,18,21,24,27",0.05,85,84,98.8235,0.000771,0.000192,0.519529,0,0,1,0.0003,0.001589
L6,3,"18,21,24",0.05,85,85,100.0,0.000431,0.000108,0.519529,0,0,0,0.00027,0.000594
L7,4,"15,18,21,24",0.05,85,84,98.8235,0.000562,0.00014,0.519529,0,0,1,0.000247,0.001079
L0,1,18,0.1,85,84,98.8235,0.000474,0.000119,0.519529,0,0,1,0.000175,0.00092
L1,2,"18,24",0.1,85,85,100.0,0.000627,0.000156,0.519529,0,0,0,0.000318,0.001039
L2,5,"15,18,21,24,27",0.1,85,85,100.0,0.001193,0.000294,0.519529,0,0,0,0.0005,0.00225
L3,10,"10,12,14,16,18,20,22,24,26,27",0.1,85,84,98.8235,0.001554,0.000383,0.519529,0,0,1,0.000394,0.003457
L4,3,"18,19,20",0.1,85,84,98.8235,0.000756,0.000187,0.519529,0,0,1,0.000325,0.001706
L5,6,"12,15,18,21,24,27",0.1,85,84,98.8235,0.001422,0.000354,0.519529,0,0,1,0.000494,0.002928
L6,3,"18,21,24",0.1,85,85,100.0,0.000809,0.000201,0.519529,0,0,0,0.000457,0.001236
L7,4,"15,18,21,24",0.1,85,85,100.0,0.001126,0.000279,0.519529,0,0,0,0.000485,0.002097
L0,1,18,0.15,85,85,100.0,0.000597,0.000149,0.519529,0,0,0,0.000202,0.001318
L1,2,"18,24",0.15,85,85,100.0,0.001012,0.000249,0.519529,0,0,0,0.000399,0.001494
L2,5,"15,18,21,24,27",0.15,85,85,100.0,0.001875,0.000462,0.519529,0,0,0,0.000698,0.003634
L3,10,"10,12,14,16,18,20,22,24,26,27",0.15,85,84,98.8235,0.002891,0.000699,0.519529,0,0,1,0.000636,0.00654
L4,3,"18,19,20",0.15,85,84,98.8235,0.000963,0.000238,0.519529,0,0,1,0.000298,0.00261
L5,6,"12,15,18,21,24,27",0.15,85,84,98.8235,0.002416,0.000593,0.519529,0,0,1,0.00093,0.004684
L6,3,"18,21,24",0.15,85,85,100.0,0.001059,0.000262,0.519529,0,0,0,0.00033,0.002235
L7,4,"15,18,21,24",0.15,85,84,98.8235,0.001757,0.000431,0.519529,0,0,1,0.000674,0.003601
L0,1,18,0.2,85,85,100.0,0.00081,0.000202,0.519529,0,0,0,0.000283,0.001823
L1,2,"18,24",0.2,85,85,100.0,0.001274,0.000311,0.519529,0,0,0,0.000418,0.002143
L2,5,"15,18,21,24,27",0.2,85,84,98.8235,0.002818,0.000691,0.519529,0,0,1,0.000919,0.005862
L3,10,"10,12,14,16,18,20,22,24,26,27",0.2,85,83,97.6471,0.004704,0.001135,0.519529,0,0,2,0.001177,0.010718
L4,3,"18,19,20",0.2,85,84,98.8235,0.001504,0.000371,0.519529,0,0,1,0.000443,0.004248
L5,6,"12,15,18,21,24,27",0.2,85,85,100.0,0.003599,0.000881,0.519529,0,0,0,0.001005,0.007626
L6,3,"18,21,24",0.2,85,84,98.8235,0.001528,0.000377,0.519529,0,0,1,0.000507,0.003024
L7,4,"15,18,21,24",0.2,85,84,98.8235,0.002466,0.000602,0.519529,0,0,1,0.000735,0.004962
L0,1,18,0.25,85,85,100.0,0.001094,0.00027,0.519529,0,0,0,0.000418,0.002333
L1,2,"18,24",0.25,85,85,100.0,0.001577,0.000382,0.519529,0,0,0,0.00054,0.002934
L2,5,"15,18,21,24,27",0.25,85,84,98.8235,0.00377,0.000924,0.519529,0,0,1,0.001171,0.008383
L3,10,"10,12,14,16,18,20,22,24,26,27",0.25,85,82,96.4706,0.006559,0.001568,0.519529,0,0,3,0.001662,0.014749
L4,3,"18,19,20",0.25,85,84,98.8235,0.001909,0.000466,0.519529,0,0,1,0.000563,0.005378
L5,6,"12,15,18,21,24,27",0.25,85,85,100.0,0.005189,0.001273,0.519529,0,0,0,0.00154,0.011618
L6,3,"18,21,24",0.25,85,85,100.0,0.002055,0.000504,0.519529,0,0,0,0.000643,0.004067
L7,4,"15,18,21,24",0.25,85,84,98.8235,0.003402,0.000831,0.519529,0,0,1,0.001239,0.007331
L0,1,18,0.3,85,85,100.0,0.001376,0.00034,0.519529,0,0,0,0.000378,0.003108
L1,2,"18,24",0.3,85,85,100.0,0.002074,0.000499,0.519529,0,0,0,0.000638,0.003672
L2,5,"15,18,21,24,27",0.3,85,84,98.8235,0.005152,0.001259,0.519529,0,0,1,0.001721,0.011625
L3,10,"10,12,14,16,18,20,22,24,26,27",0.3,85,81,95.2941,0.008743,0.00209,0.519529,0,0,4,0.002378,0.021447
L4,3,"18,19,20",0.3,85,84,98.8235,0.002632,0.00064,0.519529,0,0,1,0.000838,0.007588
L5,6,"12,15,18,21,24,27",0.3,85,85,100.0,0.007604,0.001874,0.519529,0,0,0,0.002403,0.016749
L6,3,"18,21,24",0.3,85,84,98.8235,0.002559,0.00062,0.519529,0,0,1,0.000797,0.004881
L7,4,"15,18,21,24",0.3,85,84,98.8235,0.004685,0.001146,0.519529,0,0,1,0.001579,0.01044
L0,1,18,0.4,85,85,100.0,0.002057,0.000509,0.519529,0,0,0,0.000719,0.005119
L1,2,"18,24",0.4,85,85,100.0,0.003252,0.000772,0.519529,0,0,0,0.001005,0.006416
L2,5,"15,18,21,24,27",0.4,85,84,98.8235,0.00814,0.00199,0.519529,0,0,1,0.002588,0.019163
L3,10,"10,12,14,16,18,20,22,24,26,27",0.4,85,79,92.9412,0.015109,0.003625,0.519529,0,0,6,0.005392,0.035673
L4,3,"18,19,20",0.4,85,84,98.8235,0.004087,0.000976,0.519529,0,0,1,0.001274,0.012103
L5,6,"12,15,18,21,24,27",0.4,85,83,97.6471,0.011937,0.002937,0.519529,0,0,2,0.004038,0.027072
L6,3,"18,21,24",0.4,85,85,100.0,0.004248,0.001028,0.519529,0,0,0,0.001499,0.008585
L7,4,"15,18,21,24",0.4,85,84,98.8235,0.007363,0.001795,0.519529,0,0,1,0.002339,0.017279
L0,1,18,0.5,85,85,100.0,0.003065,0.000751,0.519529,0,0,0,0.00105,0.007272
L1,2,"18,24",0.5,85,85,100.0,0.004639,0.001098,0.519529,0,0,0,0.001491,0.009413
L2,5,"15,18,21,24,27",0.5,85,84,98.8235,0.011687,0.002839,0.519529,0,0,1,0.003912,0.028393
L3,10,"10,12,14,16,18,20,22,24,26,27",0.5,85,78,91.7647,0.022864,0.005523,0.519529,0,0,7,0.010524,0.052611
L4,3,"18,19,20",0.5,85,84,98.8235,0.00578,0.001363,0.519529,0,0,1,0.001694,0.01743
L5,6,"12,15,18,21,24,27",0.5,85,81,95.2941,0.017849,0.00438,0.519529,0,1,3,0.00596,0.043022
L6,3,"18,21,24",0.5,85,84,98.8235,0.006026,0.001457,0.519529,0,0,1,0.00186,0.012601
L7,4,"15,18,21,24",0.5,85,84,98.8235,0.010569,0.002566,0.519529,0,0,1,0.003423,0.026078
L0,1,18,0.6,85,85,100.0,0.004266,0.001037,0.519529,0,0,0,0.001329,0.010039
L1,2,"18,24",0.6,85,84,98.8235,0.006399,0.001495,0.519529,0,0,1,0.002209,0.013032
L2,5,"15,18,21,24,27",0.6,85,84,98.8235,0.016292,0.003954,0.519529,0,0,1,0.005551,0.038772
L3,10,"10,12,14,16,18,20,22,24,26,27",0.6,85,78,91.7647,0.031529,0.007544,0.519529,0,0,7,0.015976,0.07147
L4,3,"18,19,20",0.6,85,84,98.8235,0.007979,0.001866,0.519529,0,0,1,0.002398,0.024104
L5,6,"12,15,18,21,24,27",0.6,85,79,92.9412,0.022745,0.005528,0.519529,0,1,5,0.008122,0.054418
L6,3,"18,21,24",0.6,85,84,98.8235,0.008316,0.002004,0.519529,0,0,1,0.002612,0.017774
L7,4,"15,18,21,24",0.6,85,81,95.2941,0.014413,0.003514,0.519529,0,0,4,0.004685,0.037305
L0,1,18,0.7,85,83,97.6471,0.005246,0.001276,0.519529,0,0,2,0.001595,0.01368
L1,2,"18,24",0.7,85,84,98.8235,0.008214,0.001931,0.519529,0,0,1,0.002711,0.017752
L2,5,"15,18,21,24,27",0.7,85,83,97.6471,0.02065,0.004989,0.519529,0,0,2,0.006961,0.051448
L3,10,"10,12,14,16,18,20,22,24,26,27",0.7,85,77,90.5882,0.043337,0.010346,0.519529,0,1,7,0.025014,0.091515
L4,3,"18,19,20",0.7,85,83,97.6471,0.010452,0.002416,0.519529,0,0,2,0.003259,0.031303
L5,6,"12,15,18,21,24,27",0.7,85,80,94.1176,0.029738,0.007161,0.519529,0,1,4,0.011512,0.071936
L6,3,"18,21,24",0.7,85,82,96.4706,0.010584,0.002549,0.519529,0,0,3,0.003193,0.02375
L7,4,"15,18,21,24",0.7,85,82,96.4706,0.019572,0.004787,0.519529,0,0,3,0.006677,0.0511
L0,1,18,0.85,85,82,96.4706,0.007597,0.001828,0.519529,0,0,3,0.002326,0.020057
L1,2,"18,24",0.85,85,83,97.6471,0.011453,0.002657,0.519529,0,0,2,0.004073,0.025066
L2,5,"15,18,21,24,27",0.85,85,81,95.2941,0.029553,0.007073,0.519529,0,1,3,0.011006,0.071559
L3,10,"10,12,14,16,18,20,22,24,26,27",0.85,85,76,89.4118,0.062216,0.014554,0.519529,1,1,7,0.039824,0.127441
L4,3,"18,19,20",0.85,85,83,97.6471,0.014781,0.003366,0.519529,0,0,2,0.00532,0.042605
L5,6,"12,15,18,21,24,27",0.85,85,79,92.9412,0.041274,0.009707,0.519529,1,1,4,0.01898,0.093779
L6,3,"18,21,24",0.85,85,83,97.6471,0.014468,0.003459,0.519529,0,0,2,0.004717,0.033301
L7,4,"15,18,21,24",0.85,85,82,96.4706,0.02725,0.006557,0.519529,0,0,3,0.009117,0.072573
L0,1,18,1.0,85,82,96.4706,0.009867,0.002348,0.519529,0,0,3,0.003397,0.024797
L1,2,"18,24",1.0,85,83,97.6471,0.014776,0.003419,0.519529,0,0,2,0.005619,0.033009
L2,5,"15,18,21,24,27",1.0,85,81,95.2941,0.03948,0.009301,0.519529,0,1,3,0.015243,0.093763
L3,10,"10,12,14,16,18,20,22,24,26,27",1.0,85,76,89.4118,0.091168,0.020371,0.519529,1,1,7,0.069577,0.16888
L4,3,"18,19,20",1.0,85,81,95.2941,0.019684,0.00446,0.519529,0,0,4,0.007272,0.056661
L5,6,"12,15,18,21,24,27",1.0,85,77,90.5882,0.054256,0.012488,0.519529,1,2,5,0.024231,0.124267
L6,3,"18,21,24",1.0,85,83,97.6471,0.01896,0.004532,0.519529,0,0,2,0.006635,0.043592
L7,4,"15,18,21,24",1.0,85,80,94.1176,0.035568,0.008397,0.519529,0,0,5,0.012767,0.092997
